insert into Company values("ibm",125.2,"us");
insert into Company values("apple",101.3,"us");
insert into Company values("alibaba",72.78,"china");
insert into Company values("lenovo",6.52,"china");
insert into Company values("microsoft",50.71,"us");
insert into Product values("iphone 5",538.3,"cell phone","apple");
insert into Product values("iphone 6 ",600.8,"cell phone","apple");
insert into Product values("iphone 5s",400,"cell phone","apple");
insert into Product values("iphone 6 plus",700.53,"cell phone","apple");
insert into Product values("ms office 2010",300,"software","microsoft");
insert into Product values("ms office 2013",400,"software","microsoft");
insert into Product values("windows 10",300,"software","microsoft");
insert into Product values("thinkpad t450s",1200.3,"laptop","lenovo");
insert into Product values("thinkpad t460s",900,"laptop","lenovo");
insert into Product values("ideapad s50",500,"laptop","lenovo");
insert into Product values("thinkpad t460",800.5,"laptop","lenovo");
insert into Product values("db2 v9",43000,"software","ibm");
insert into Product values("information server",110000,"software","ibm");
insert into Product values("taobao",230000,"software","alibaba");
insert into Person values("mary","(323)138-8588","los angeles");
insert into Person values("john","(626)123-4586","san gabriel");
insert into Person values("david","(323)687-7022","los angeles");
insert into Person values("bill","(323)183-3838","los angeles");
insert into Person values("jennifer","(626)008-0006","alhambra");
insert into Person values("steve","(323)121-3838","alhambra");
insert into Person values("mark","(323)392-3838","los angeles");
insert into Purchase values("mary","john","Amazon","iphone 6");
insert into Purchase values("mary","david","Ebay","ms office 2013");
insert into Purchase values("mary","john","Amazon","thinkpad t460s");
insert into Purchase values("mary","david","Ebay","db2 v9");
insert into Purchase values("bill","john","Amazon","iphone 6");
insert into Purchase values("bill","john","Amazon","thinkpad t460s");
insert into Purchase values("bill","david","Ebay","ms office 2010");
insert into Purchase values("bill","david","Ebay","windows 10");
insert into Purchase values("bill","jennifer","Bestbuy","ideapad s50");
insert into Purchase values("mark","john","Amazon","iphone 5");
insert into Purchase values("mark","david","Amazon","ms office 2010");
insert into Purchase values("mark","david","Ebay","ms office 2013");
insert into Purchase values("mark","john","Amazon","db2 v9");
insert into Purchase values("mark","david","Ebay","information server");
insert into Purchase values("steve","john","Bestbuy","iphone 6");
insert into Purchase values("steve","david","Bestbuy","ms office 2013");
insert into Purchase values("steve","john","Bestbuy","thinkpad t460s");
insert into Purchase values("steve","david","Bestbuy","windows 10");
insert into Purchase values("steve","john","Bestbuy","iphone 5");
